checkpoint_num,perplexity,eval_loss
270000,1.820292559772756,0.5989972352981567
180000,1.8275283056417755,0.6029644012451172
240000,1.822411128027833,0.6001604199409485
120000,1.8381969127336169,0.6087851524353027
150000,1.8305501000260525,0.6046165227890015
90000,1.8476120940201652,0.6138940453529358
210000,1.8242842275017046,0.6011877059936523
300000,1.8192165788232644,0.5984059572219849
60000,1.875640905047237,0.6289504170417786
30000,1.951714476921283,0.6687082052230835
