checkpoint_num,perplexity,eval_loss
270000,1.8459855847181073,0.6130133271217346
180000,1.853908143445004,0.6172959208488464
240000,1.8477148446801352,0.6139496564865112
120000,1.8653879633370025,0.6234690546989441
150000,1.8586655822739846,0.6198588013648987
90000,1.8767531667700776,0.6295432448387146
210000,1.8500333734087775,0.6152036786079407
300000,1.8447809368936623,0.6123605370521545
60000,1.8986384117873683,0.6411370038986206
30000,1.974158719993744,0.680142343044281
