checkpoint_num,perplexity,eval_loss
270000,1.7824553844358801,0.5779918432235718
180000,1.7892607522464552,0.5818025469779968
240000,1.7840648363711005,0.5788943767547607
120000,1.7987730567840057,0.5871047973632812
150000,1.7925741781606817,0.583652675151825
90000,1.8092597793583787,0.592917799949646
210000,1.786028181177874,0.579994261264801
300000,1.7813173582091368,0.5773531794548035
60000,1.8314795105878048,0.6051241159439087
30000,1.9039097098554614,0.6439095139503479
