checkpoint_num,perplexity,eval_loss
270000,1.7602035382235508,0.5654294490814209
180000,1.7670756118777222,0.5693259835243225
240000,1.762140413856236,0.5665292143821716
120000,1.7759975729460604,0.5743622779846191
150000,1.770641749176374,0.5713420510292053
90000,1.784680430084544,0.5792393684387207
210000,1.7634261562644498,0.5672585964202881
300000,1.7591687382341212,0.5648413896560669
60000,1.800096150214327,0.5878400802612305
30000,1.861543123980142,0.6214057803153992
