checkpoint_num,perplexity,eval_loss
270000,1.7852321773659412,0.5795484781265259
180000,1.7915356179319744,0.5830731391906738
240000,1.7867865187325267,0.5804187655448914
120000,1.8025726977701968,0.5892149209976196
150000,1.795844500627081,0.5854753851890564
90000,1.8103974205371407,0.5935463905334473
210000,1.7886488026019178,0.5814604759216309
300000,1.7843094318034995,0.5790314674377441
60000,1.8332184557334241,0.6060731410980225
30000,1.8947695350397389,0.6390972137451172
