checkpoint_num,perplexity,eval_loss
270000,1.8292172699759344,0.6038881540298462
180000,1.8375918844219068,0.6084559559822083
240000,1.8316748166232393,0.6052307486534119
120000,1.8494948902685415,0.6149125695228577
150000,1.8427815641131369,0.6112761497497559
90000,1.8587707203091093,0.6199153661727905
210000,1.834381220880294,0.6067072153091431
300000,1.828343386513234,0.6034103035926819
60000,1.885110337885599,0.6339863538742065
30000,1.9785903956491044,0.6823846697807312
