checkpoint_num,perplexity,eval_loss
270000,1.8041112745891614,0.5900681018829346
180000,1.8109108121256905,0.5938299298286438
240000,1.8063735818209266,0.5913212895393372
120000,1.8216844686311229,0.5997616052627563
150000,1.816083375774124,0.5966821908950806
90000,1.830892516994956,0.6048035621643066
210000,1.8081365402273315,0.5922967791557312
300000,1.8031981169676168,0.5895618200302124
60000,1.851062373730864,0.6157597303390503
30000,1.928425198580355,0.6567037105560303
