checkpoint_num,perplexity,eval_loss
270000,1.814538049896752,0.5958309173583984
180000,1.8215756738626199,0.5997018814086914
240000,1.8167609118828731,0.597055196762085
120000,1.8330848254305516,0.6060002446174622
150000,1.8259602896482305,0.6021060347557068
90000,1.8421249576815146,0.6109197735786438
210000,1.8184727669103329,0.5979970097541809
300000,1.813695502619152,0.5953664779663086
60000,1.862378037783199,0.6218541860580444
30000,1.9323093541237397,0.6587158441543579
