checkpoint_num,perplexity,eval_loss
270000,1.7790602393251507,0.5760852694511414
180000,1.7649606702658567,0.5681284070014954
240000,1.7744878372789543,0.5735118389129639
120000,1.764407300602422,0.567814826965332
150000,1.7643399950891303,0.5677766799926758
90000,1.769763781287807,0.5708460807800293
210000,1.7699996640186484,0.5709793567657471
300000,1.7816196634806554,0.577522873878479
60000,1.7829274829052273,0.5782566666603088
30000,1.8146794138519733,0.5959088206291199
