checkpoint_num,perplexity,eval_loss
270000,1.7964288236646773,0.5858007073402405
180000,1.7870657855883287,0.5805750489234924
240000,1.7936440232151545,0.5842493176460266
120000,1.7867590417436574,0.5804033875465393
150000,1.7859720799708123,0.5799628496170044
90000,1.7921703467309984,0.583427369594574
210000,1.7893326346118732,0.5818427205085754
300000,1.7987682321051675,0.5871021151542664
60000,1.8108567356465746,0.5938000679016113
30000,1.843140880351232,0.6114711165428162
