checkpoint_num,perplexity,eval_loss
270000,1.8386833364445259,0.6090497374534607
180000,1.8227654945122744,0.6003548502922058
240000,1.8319035553090623,0.6053556203842163
120000,1.8183939695068494,0.5979536771774292
150000,1.8186428378678665,0.5980905294418335
90000,1.822376260003498,0.6001412868499756
210000,1.827423409856293,0.6029070019721985
300000,1.8411813654770264,0.6104074120521545
60000,1.8350687554429765,0.607081949710846
30000,1.8748579311627147,0.628532886505127
