checkpoint_num,perplexity,eval_loss
270000,1.8294158241001042,0.6039966940879822
180000,1.8170070657918596,0.5971906781196594
240000,1.8235595385478105,0.6007903814315796
120000,1.815525231757811,0.5963748097419739
150000,1.81378739392166,0.5954171419143677
90000,1.8201227684919916,0.5989039540290833
210000,1.8201342682320525,0.5989102721214294
300000,1.8314976320152714,0.6051340103149414
60000,1.8358425535303293,0.6075035333633423
30000,1.86735665633736,0.6245238780975342
