checkpoint_num,perplexity,eval_loss
270000,1.7978017347253201,0.5865646600723267
180000,1.7890315798315826,0.5816744565963745
240000,1.795539460617316,0.5853055119514465
120000,1.7895504323446347,0.5819644331932068
150000,1.7874446016830117,0.5807870030403137
90000,1.7963961659334484,0.585782527923584
210000,1.7908670622752128,0.5826998949050903
300000,1.8004682845843982,0.5880467891693115
60000,1.812519272896875,0.5947177410125732
30000,1.8409162455723616,0.6102634072303772
