checkpoint_num,perplexity,eval_loss
270000,1.8424776664859037,0.6111112236976624
180000,1.8315180461272373,0.6051451563835144
240000,1.839138865806322,0.6092974543571472
120000,1.8321493583998847,0.6054897904396057
150000,1.831544683064674,0.6051596999168396
90000,1.8361681210061287,0.6076808571815491
210000,1.836453135687147,0.6078360676765442
300000,1.845023959001983,0.6124922633171082
60000,1.8543628025074852,0.6175411343574524
30000,1.8962521879284546,0.6398794054985046
