checkpoint_num,perplexity,eval_loss
270000,1.835862578367559,0.6075144410133362
180000,1.825297382837697,0.6017429232597351
240000,1.8325903796930176,0.6057304739952087
120000,1.8250180155718523,0.6015898585319519
150000,1.8225711384513466,0.6002482175827026
90000,1.8309491561843252,0.6048344969749451
210000,1.8273521756529358,0.6028680205345154
300000,1.8376820290093683,0.6085050106048584
60000,1.8519526353065143,0.6162405610084534
30000,1.8821079645921,0.632392406463623
