checkpoint_num,perplexity,eval_loss
270000,1.8647387513403948,0.6231209635734558
180000,1.850522157186021,0.6154678463935852
240000,1.8608344680335742,0.621025025844574
120000,1.8506820986854828,0.6155542731285095
150000,1.8504709788255886,0.6154401898384094
90000,1.8554135642562422,0.6181076169013977
210000,1.8554879936713533,0.6181477308273315
300000,1.8674268899332505,0.6245614886283875
60000,1.870130830737273,0.6260083913803101
30000,1.9081213608932164,0.6461191773414612
