checkpoint_num,perplexity,eval_loss
270000,1.8256418641158052,0.601931631565094
180000,1.8103624586519025,0.59352707862854
240000,1.8208393627590116,0.5992975831031799
120000,1.80716554773271,0.5917596220970154
150000,1.8073590150549572,0.591866672039032
90000,1.8110676538420922,0.5939165353775024
210000,1.8143580890745783,0.5957317352294922
300000,1.8285574313582813,0.6035273671150208
60000,1.8234028105273772,0.6007044315338135
30000,1.8665142816989995,0.6240726709365845
