checkpoint_num,perplexity,eval_loss
270000,1.8435771850804992,0.6117078065872192
180000,1.83363361313946,0.6062995791435242
240000,1.841286392486377,0.6104644536972046
120000,1.8325078029941886,0.6056854128837585
150000,1.8325032155089116,0.605682909488678
90000,1.8368379318909782,0.6080455780029297
210000,1.8352923389644527,0.6072037816047668
300000,1.8462704725956136,0.6131676435470581
60000,1.86397310511131,0.6227102875709534
30000,1.9036019719191288,0.643747866153717
